KeeleyBosco,1228-1221-1221-1431
RubyeJerde,1228-1221-1221-1431
CelineAnkunding,1228-1221-1221-1431
Dr.AraceliLang,1211-1221-1234-2201
TerrellBoyle,1228-1221-1221-1431
LibbyRenner,1234-2121-1221-1211
AlessandroBarton,1234-2121-1221-1211
Dr.ArtGrimes,1211-1221-1234-2201
KevenPurdy,1211-1221-1234-2201
OmaGrady,1212-1221-1121-1234
JazminKovacek,1211-1221-1234-2201
JordiJaskolskiII,1212-1221-1121-1234
WillyBeahanIII,1212-1221-1121-1234
AlessandraNaderSr.,1211-1221-1234-2201
RamonaLubowitz,1228-1221-1221-1431
