Keeley Bosco,1228-1221-1221-1431
Rubye Jerde,1228-1221-1221-1431
Celine Ankunding,1228-1221-1221-1431
Dr. Araceli Lang,1211-1221-1234-2201
Terrell Boyle,1228-1221-1221-1431
Libby Renner,1234-2121-1221-1211
Alessandro Barton,1234-2121-1221-1211
Dr. Art Grimes,1211-1221-1234-2201
Keven Purdy,1211-1221-1234-2201
Oma Grady,1212-1221-1121-1234
Jazmin Kovacek,1211-1221-1234-2201
Jordi Jaskolski II,1212-1221-1121-1234
Willy Beahan III,1212-1221-1121-1234
Alessandra Nader Sr.,1211-1221-1234-2201
Ramona Lubowitz,1228-1221-1221-1431
